{
  "VPT50@0.25": 29,
  "VPT80@0.25": 24,
  "VPT80_fraction": 0.024,
  "checkpoint_step": 8000,
  "max_horizon": 1000,
  "model_name": "student",
  "nMSE@10": 0.0013031525304540992,
  "nMSE@100": 0.16104522347450256,
  "nMSE@1000": 0.2787622809410095,
  "nMSE@90": 0.15692885220050812,
  "nMSE_AUC": 0.21444584429264069,
  "primary_metric": "VPT80@0.25",
  "step_nMSE@10": 0.0035937426146119833,
  "step_nMSE@100": 0.18908295035362244,
  "step_nMSE@1000": 0.515878438949585
}