{
  "VPT50@0.25": 27,
  "VPT80@0.25": 22,
  "VPT80_fraction": 0.022,
  "checkpoint_step": 8000,
  "max_horizon": 1000,
  "model_name": "student",
  "nMSE@10": 0.0015295755583792925,
  "nMSE@100": 0.16399917006492615,
  "nMSE@1000": 0.28435176610946655,
  "nMSE@90": 0.1603214144706726,
  "nMSE_AUC": 0.21772626042366028,
  "primary_metric": "VPT80@0.25",
  "step_nMSE@10": 0.003950443584471941,
  "step_nMSE@100": 0.1996452957391739,
  "step_nMSE@1000": 0.47632282972335815
}