{
  "obs_mean": [
    0.05696588009595871,
    -0.0016587194986641407,
    0.0016908604884520173,
    -3.9558795833727345e-05
  ],
  "obs_std": [
    0.37514322996139526,
    0.02497037686407566,
    0.20621329545974731,
    0.162336528301239
  ],
  "act_mean": [
    9.415116073796526e-05
  ],
  "act_std": [
    0.18697290122509003
  ],
  "delta_mean": [
    6.772825145162642e-05,
    -1.6164425460374332e-06,
    4.787124453287106e-06,
    -2.1268285763653694e-06
  ],
  "delta_std": [
    0.008159670047461987,
    0.0058834427036345005,
    0.06110800430178642,
    0.1351885050535202
  ]
}